name;image
Name here;/sketchbook/1.jpg
Name here;/sketchbook/2.jpg
Name here;/sketchbook/3.jpg
Name here;/sketchbook/4.jpg
Name here;/sketchbook/5.jpg
Name here;/sketchbook/6.jpg
Name here;/sketchbook/7.png
Name here;/sketchbook/8.png
Name here;/sketchbook/9.png
Name here;/sketchbook/10.png
Name here;/sketchbook/11.png
Name here;/sketchbook/12.png
Name here;/sketchbook/13.png
Name here;/sketchbook/14.png
Name here;/sketchbook/15.png
Name here;/sketchbook/16.png
Name here;/sketchbook/17.png
Name here;/sketchbook/18.png
Name here;/sketchbook/19.png
Name here;/sketchbook/20.png
Name here;/sketchbook/21.png
Name here;/sketchbook/22.png